lane,lane_label,brasil_attack_share,japao_defense_share,mismatch
center,Centro,0.3483811538086701,0.3250135093819999,0.023367644426670164
right,Direita,0.29977539636504225,0.2885751634450613,0.011200232919980957
left,Esquerda,0.35184344982628757,0.3864113271729389,-0.03456787734665134
